file_name,transcription,age,gender,accent
common_voice_ko_41668884.wav,소회는 묻고 또 물었다.,twenties,female_feminine,표준어
common_voice_ko_39610437.wav,도서관에서 만나자.,twenties,male_masculine,non-native speaker
common_voice_ko_39610438.wav,애 점순아! 점순아!,twenties,male_masculine,non-native speaker
common_voice_ko_39571266.wav,어리석은 자는 그 노를 다 드러내어도 지혜로운 자는 그 노를 억제하느니라,twenties,male_masculine,Seoul
common_voice_ko_39571273.wav,병실로 떠메어 들어온 뒤에야 영신은 차츰차츰 의식을 회복하였다.,twenties,male_masculine,Seoul
common_voice_ko_39571277.wav,그때 다리를 빼앗기던 장면이 휙 떠오른다.,twenties,male_masculine,Seoul
common_voice_ko_38257689.wav,화요일에 옷을 사고 싶어요.,thirties,male_masculine,That of a foreigner
common_voice_ko_38257690.wav,그러면 투표를 마치겠습니다.,thirties,male_masculine,That of a foreigner
common_voice_ko_38257691.wav,나는 이것을 의논할 사람은 춘우밖에 없다.,thirties,male_masculine,That of a foreigner
common_voice_ko_38257692.wav,이거 놔! 놓으라고!,thirties,male_masculine,That of a foreigner
common_voice_ko_39476318.wav,그러나 말소리는 들리지 않고 무슨 옷갈피를 뒤지는 소리가 부스스 들릴 뿐이다.,thirties,female_feminine,표준어
common_voice_ko_39476319.wav,그런 걸 별짓을 다해 가면서 억지루 시작을 했었지요.,thirties,female_feminine,표준어
common_voice_ko_39476322.wav,따라서 의사에게 보인 적이 없으니 무슨 병인지는 알 수 없으되,thirties,female_feminine,표준어
common_voice_ko_39476325.wav,그 말에 회원들은 손바닥이 뜨겁도록 박수를 한다.,thirties,female_feminine,표준어
common_voice_ko_39476326.wav,더욱 신철의 집에서 몇 번 보기도 하였다.,thirties,female_feminine,표준어
common_voice_ko_39476327.wav,창 밖에 밤비가 속살거려,thirties,female_feminine,표준어
common_voice_ko_39476341.wav,그 목소리는 몸집과 딴판으로 연하고 싹싹하였다.,thirties,female_feminine,표준어
common_voice_ko_39476345.wav,아직도 인천 시가는 뿌연 분위기 속에 잠겨 있었다.,thirties,female_feminine,표준어
common_voice_ko_39476347.wav,출동하면 반은 이런 경우죠,thirties,female_feminine,표준어
common_voice_ko_39476353.wav,채찍과 꾸지람이 지혜를 주거늘 임의로 하게 버려두면 그 자식은 어미를 욕되게 하느니라,thirties,female_feminine,표준어
common_voice_ko_37597007.wav,십 년 만에 만나는 친구의 음성인들 이 빗소리보다 더 반가우랴.,twenties,male_masculine,경기도
common_voice_ko_37597008.wav,물론 공장에서 내준 것이 아니고 여공들 스스로 해입게 하였던 것이다.,twenties,male_masculine,경기도
common_voice_ko_37597009.wav,음성 기술은 그 편리한 방법을 컴퓨터와 모바일 환경에서 사용할 수 있게 합니다.,twenties,male_masculine,경기도
common_voice_ko_37597011.wav,할멈은 올 가을에 새로한 이 무명저고리를 아까워서 입지 못하고 두었던 것이다.,twenties,male_masculine,경기도
common_voice_ko_37597013.wav,무슨 핑계를 하는지 기어이 못 보게 하고 만다.,twenties,male_masculine,경기도
common_voice_ko_37597038.wav,시멘트 포대를 시멘트 가루 개는 곳으로 나르라는 것이다.,twenties,male_masculine,경기도
common_voice_ko_37597039.wav,형제는 그 아버지의 시체 앞에 꿇어 엎드려 목을 놓고 울었습니다.,twenties,male_masculine,경기도
common_voice_ko_37597040.wav,선생님 말씀은 제가 모두 듣고 있었지요.,twenties,male_masculine,경기도
common_voice_ko_37597042.wav,는 듯이 상을 찌푸리고 꼴딱꼴딱 마셔 넘긴다.,twenties,male_masculine,경기도
common_voice_ko_37597043.wav,이라고 버젓이 씌어 있는 것을 보니 동혁의 가슴은 울렁거리지 않을 수 없었다.,twenties,male_masculine,경기도
common_voice_ko_37597064.wav,신철이는 눈가로 약간 웃음을 띠며 이런 말을 하였다.,twenties,male_masculine,경기도
common_voice_ko_37597065.wav,무슨 뜻이에요?,twenties,male_masculine,경기도
common_voice_ko_37597066.wav,벽을 새로 감독과 그가 마주 누운 것이 직각 되자 불쾌하였다.,twenties,male_masculine,경기도
common_voice_ko_37597067.wav,꼬리를 굴리는 행운이 꼭 자기를 기다리고 있다고 내기를 해도 좋을 만한 믿음을 얻게 되었다.,twenties,male_masculine,경기도
common_voice_ko_36800748.wav,그러는 동안에 옆에 있던 설성월이가 보이지를 아니하였다.,twenties,male_masculine,사투리가 조금 있는
common_voice_ko_36800749.wav,동혁은 물끄러미 영신을 보다가 말을 계속한다.,twenties,male_masculine,사투리가 조금 있는
common_voice_ko_36800750.wav,신철이는 모자로 해를 가리며 이마의 땀을 씻었다.,twenties,male_masculine,사투리가 조금 있는
common_voice_ko_36800751.wav,며칠 후에 풍헌이 보이지 않으므로 누구에게 물으니 그는 벌써 어디론지 가버리고 말았다는 것이다.,twenties,male_masculine,사투리가 조금 있는
common_voice_ko_36800752.wav,그리고 감독이 물으면 대답하려고 어제 밤새도록 준비하였던 말이 어디로 달아나 버리고 말았다.,twenties,male_masculine,사투리가 조금 있는
common_voice_ko_36800753.wav,싸락눈이 그의 다는 얼굴을 선듯선듯하게 하여 준다.,twenties,male_masculine,사투리가 조금 있는
common_voice_ko_36800754.wav,유서방은 눈 위에서 이리 뛰고 저리 뛰는 검정이를 바라보며 빙글빙글 웃고 있다.,twenties,male_masculine,사투리가 조금 있는
common_voice_ko_36800756.wav,한 백 평쯤 되는 못자리에는 논둑이 찰찰 넘치도록 물이 잡혔다.,twenties,male_masculine,사투리가 조금 있는
common_voice_ko_36800759.wav,모든 국민은 보건에 관하여 국가의 보호를 받는다.,twenties,male_masculine,사투리가 조금 있는
common_voice_ko_36800760.wav,찬란한 문화로 자라난,twenties,male_masculine,사투리가 조금 있는
common_voice_ko_36800761.wav,이 한마디는 그의 마지막 소망까지 끊어 버렸다.,twenties,male_masculine,사투리가 조금 있는
common_voice_ko_36800762.wav,기름이 졸아붙은 남폿불을 돋워 가며 잠을 이루지 못하는 겨울 밤은 길기도 길었다.,twenties,male_masculine,사투리가 조금 있는
common_voice_ko_36800763.wav,옥점 어머니는 뭐라고 대답을 하려다가 그만 참았다.,twenties,male_masculine,사투리가 조금 있는
common_voice_ko_36800764.wav,그는 천천히 삼청동 비탈길을 내려오기 시작하였다.,twenties,male_masculine,사투리가 조금 있는
common_voice_ko_36800765.wav,영신은 건배의 아낙이 이고 나온 묵직한 함지박을 받아 내려놓는다.,twenties,male_masculine,사투리가 조금 있는
common_voice_ko_40620768.wav,금방 후회를 하고 거울을 집어 들었다.,twenties,female_feminine,Ukrainian
common_voice_ko_40620769.wav,그리고 이서방이 없는 동안에 자기가 당한 일을 얼핏 생각하였다.,twenties,female_feminine,Ukrainian
common_voice_ko_40620770.wav,들려요.,twenties,female_feminine,Ukrainian
common_voice_ko_40620774.wav,김첨지는 취중에도 설렁탕을 사가지고 집에 다다랐다,twenties,female_feminine,Ukrainian
common_voice_ko_40620778.wav,사실이에요.,twenties,female_feminine,Ukrainian
common_voice_ko_40620801.wav,"죄송해요, 아버지.",twenties,female_feminine,Ukrainian
common_voice_ko_40620807.wav,드디어!,twenties,female_feminine,Ukrainian
common_voice_ko_40620812.wav,이상하지 않아?,twenties,female_feminine,Ukrainian
common_voice_ko_40620813.wav,"아, 해장국이나 먹자니까 이 시간에 뭔 운동이야",twenties,female_feminine,Ukrainian
common_voice_ko_40620847.wav,그것은 마시면 마실수록 목이 말라진다.,twenties,female_feminine,Ukrainian
common_voice_ko_40620849.wav,약속하지?,twenties,female_feminine,Ukrainian
common_voice_ko_38383607.wav,그러나 또 얼마나 불행하랴.,twenties,male_masculine,"충청도,조용한"
common_voice_ko_38383609.wav,그러나 그 웃음 소리들이 사라지기 전에 김 첨지는 훌쩍훌쩍 울기 시작하였다.,twenties,male_masculine,"충청도,조용한"
common_voice_ko_38383612.wav,아직도 컴컴하므로 분명치는 않으나 그 윤곽과 키를 짐작하여 첫째인 것을 알았다.,twenties,male_masculine,"충청도,조용한"
common_voice_ko_38383613.wav,가로등에 비치어 떨어지는 눈송이는 마치 여름날 전등불을 싸고 날아드는 하루살이떼 같았다.,twenties,male_masculine,"충청도,조용한"
common_voice_ko_38383614.wav,첫째는 물끄러미 그의 뒷모양을 바라보다가 그가 산모퉁이를 지나간 후에 들어왔다.,twenties,male_masculine,"충청도,조용한"
common_voice_ko_38383615.wav,그리고 그의 독특한 덧니가 입술 새로 뾰죽 내밀었다.,twenties,male_masculine,"충청도,조용한"
common_voice_ko_38383618.wav,여자가 그 나무를 본즉,twenties,male_masculine,"충청도,조용한"
common_voice_ko_38383619.wav,뒤설레는 마음을 진정하느라고 몸둘 곳을 몰라하는 동혁을 쳐다본다.,twenties,male_masculine,"충청도,조용한"
common_voice_ko_38383620.wav,네 생각에는 무엇이 더 천행이었겠느냐?,twenties,male_masculine,"충청도,조용한"
common_voice_ko_38383622.wav,있습니다. 있어요.,twenties,male_masculine,"충청도,조용한"
common_voice_ko_38383626.wav,저는 당신을 다시 만나 뵈 올 수가 없어요.,twenties,male_masculine,"충청도,조용한"
common_voice_ko_38383629.wav,흥선이 온 것을 이제사 알았다는 표정이었다.,twenties,male_masculine,"충청도,조용한"
common_voice_ko_38383630.wav,동혁은 확실한 대답을 아니 하고 집으로 내려갔다.,twenties,male_masculine,"충청도,조용한"
common_voice_ko_38383631.wav,남산 위에 저 소나무 철갑을 두른 듯,twenties,male_masculine,"충청도,조용한"
common_voice_ko_38383632.wav,너들 사람 잘못 봤다고!,twenties,male_masculine,"충청도,조용한"
common_voice_ko_38383634.wav,나를 낳어 준 고향버덤두 더 정이 들었고요.,twenties,male_masculine,"충청도,조용한"
common_voice_ko_38383635.wav,일어서더니 윗간으로 올라가 턱 누워 버린다.,twenties,male_masculine,"충청도,조용한"
common_voice_ko_38383636.wav,언제든지 면하지 못하는 것은 이 비애이다.,twenties,male_masculine,"충청도,조용한"
common_voice_ko_38383637.wav,그는 생각지 않은 웃음이 픽 하고 나왔다.,twenties,male_masculine,"충청도,조용한"
common_voice_ko_37211921.wav,애완동물을 기르는 인구가 전체 인구의 사 분의 일이 되었습니다.,twenties,male_masculine,서울
common_voice_ko_37211924.wav,기천이는 맨 나중에 단장을 짚고 기엄기엄 올라왔다.,twenties,male_masculine,서울
common_voice_ko_37211925.wav,시간 재고 잠복기를 줄이려고요,twenties,male_masculine,서울
common_voice_ko_37211926.wav,영신은 그 장면이 머릿속에 떠오르기만 해도 가슴이 설레고 얼굴이 화끈화끈 달았다.,twenties,male_masculine,서울
common_voice_ko_37211929.wav,그러던 터에 오늘은 편지를 뜯어 보고 동혁은 적지 않이 놀랐다.,twenties,male_masculine,서울
common_voice_ko_37211933.wav,신철이는 시멘트 포대와 함께 넘어졌다가 일어났다.,twenties,male_masculine,서울
common_voice_ko_37211936.wav,신철이는 우미관 앞에서 오 전짜리 우동 두 그릇을 사먹고 나서야 기운이 났다.,twenties,male_masculine,서울
common_voice_ko_37211937.wav,휘어잡는 소매를 뿌리치며 일어설 용기가 나지를 않았다.,twenties,male_masculine,서울
common_voice_ko_37211940.wav,며칠 후 선비 어머니는 마침내 세상을 떠나고 말았다.,twenties,male_masculine,서울
common_voice_ko_37211941.wav,김첨지는 어랍시요 하고 물러섰다.,twenties,male_masculine,서울
common_voice_ko_37211943.wav,제 그곳을 지배하는 무시무시한 정적,twenties,male_masculine,서울
common_voice_ko_37211944.wav,버들껑 하는 동작과 함께 날카로운 소리가 독살스러운 땡비같이 나의 귀를 툭 쏘았다.,twenties,male_masculine,서울
common_voice_ko_37211945.wav,한참 후에 그는 바느질 그릇을 들고 내려와서 등불을 마주 앉으며 일감을 들었다.,twenties,male_masculine,서울
common_voice_ko_37211946.wav,신철이도 그의 뒤를 따라 막으로 올라갔다.,twenties,male_masculine,서울
common_voice_ko_37211958.wav,평소에는 성이 난 사람처럼 뚜웅허니 남하고 수작 하기도 싫어하면서 술만 들어가면 불평이 쏟아진다.,twenties,male_masculine,서울
common_voice_ko_37211959.wav,그때 저편에서 회중전등이 번쩍 하고 이리로 왔다.,twenties,male_masculine,서울
common_voice_ko_37211971.wav,그는 이러한 생각을 하며 쌀항아리를 다시금 들여다보았다.,twenties,male_masculine,서울
common_voice_ko_37211972.wav,하루에 세 시간을 걸으면 칠 년 후에 지구를 한바퀴 돌 수 있다.,twenties,male_masculine,서울
common_voice_ko_37211988.wav,사별한 첫째 부인 사이에서는 자식이 아예 없었고,twenties,male_masculine,서울
common_voice_ko_37211989.wav,내가 땅에서 피하며 유리하는 자가 될찌라,twenties,male_masculine,서울
common_voice_ko_37212000.wav,그 순간 신철이는 물 속에 잠겨 흔들리던 달이 휙 지나친다.,twenties,male_masculine,서울
common_voice_ko_37212010.wav,그 오라질 년이 밥을 죽이지.,twenties,male_masculine,서울
common_voice_ko_37212011.wav,마른침을 삼키며 다음 순서를 기다린다.,twenties,male_masculine,서울
common_voice_ko_37212020.wav,그녀는 유아 치고는 매우 밝습니다.,twenties,male_masculine,서울
common_voice_ko_37212021.wav,언뜻 깨달으니 김첨지는 인력거를 쥔 채 길 한복판에 엉거주춤 멈춰 있지 않은가.,twenties,male_masculine,서울
common_voice_ko_37212023.wav,영숙은 이미 자기를 떠나 옛날에 그 사람에게로 돌아갔다.,twenties,male_masculine,서울
common_voice_ko_37159811.wav,김첨지는 구걸하는 거지나 무엇같이 연해연방 그의 기색을 살폈다,twenties,male_masculine,reading book
common_voice_ko_37159812.wav,일평생의 고락을 같이 할 맹세까지 했던가.,twenties,male_masculine,reading book
common_voice_ko_37159814.wav,그는 춘우가 거의 시골 사람같이 된 것을 보았다.,twenties,male_masculine,reading book
common_voice_ko_37159816.wav,그리고 그가 첫째라면 선비는 서슴지 않고 그의 몸에 피로해진 자신의 몸뚱이를 맡기고 싶었다.,twenties,male_masculine,reading book
common_voice_ko_37159817.wav,그만하고 이리와,twenties,male_masculine,reading book
common_voice_ko_37159818.wav,면장은 명령하듯 하고 회장석에다 기천을 앉혔다.,twenties,male_masculine,reading book
common_voice_ko_37159819.wav,대저 여호와는 지혜를 주시며 지식과 명철을 그 입에서 내심이며,twenties,male_masculine,reading book
common_voice_ko_37159820.wav,친구의 통책은 충성에서 말미암은 것이나 원수의 자주 입맞춤은 거짓에서 난 것이니라,twenties,male_masculine,reading book
common_voice_ko_37159821.wav,앞으로 다섯 해 안에는 결혼을 안 헌다구 장담을 허더니 허는 수 있나.,twenties,male_masculine,reading book
common_voice_ko_37159822.wav,망국에 이르렀다고,twenties,male_masculine,reading book
common_voice_ko_37159824.wav,내가 바라보고 서 있는 곳을 덜달아 쳐다본다.,twenties,male_masculine,reading book
common_voice_ko_37159826.wav,그리고 아까 그의 아버지 가하던 말을 다시 곰곰이 생각하였다.,twenties,male_masculine,reading book
common_voice_ko_37159827.wav,처음 보는 얼굴인데,twenties,male_masculine,reading book
common_voice_ko_37159828.wav,자기의 손으로 지은 학원 하나를 붙잡으려고 온갖 고생을 참아 왔습니다.,twenties,male_masculine,reading book
common_voice_ko_37159829.wav,그럼요 확실하죠,twenties,male_masculine,reading book
common_voice_ko_37159830.wav,자기를 살려 준 은인이나 무엇같이 고맙기도 하였다.,twenties,male_masculine,reading book
common_voice_ko_37159831.wav,그리고 등에 진 흙짐이 흡사히 벽돌 같아 등허리에서 땀이 버쩍 났다.,twenties,male_masculine,reading book
common_voice_ko_37159832.wav,그 중에서 손님을 물색하는 김첨지의 눈엔 양머리에 뒤축 높은 구두를 신였다,twenties,male_masculine,reading book
common_voice_ko_37159833.wav,그는 기침을 하고 휘 돌아본 후에 말을 꺼냈다.,twenties,male_masculine,reading book
common_voice_ko_37159836.wav,진짜 음원 사재기하는 놈들은 쓰레기 그 자체다.,twenties,male_masculine,reading book
common_voice_ko_37159837.wav,"아, 발이라도 닦고 들어가!",twenties,male_masculine,reading book
common_voice_ko_37159838.wav,떨어진 삿자리 밑에서 나온 먼지내 빨지 않은 기저귀에서 나는 똥내와 오줌내,twenties,male_masculine,reading book
common_voice_ko_37159839.wav,물결이 솟고 배가 깨지고 굳세고 무서운 소리가 들린 연후에야 다시 고요하여질 것이다.,twenties,male_masculine,reading book
common_voice_ko_37159843.wav,왜 이리우,twenties,male_masculine,reading book
common_voice_ko_37159845.wav,변변치는 않으나마 오르간 하나를 준비하여 두고,twenties,male_masculine,reading book
common_voice_ko_36545184.wav,선비는 약간 웃음을 띠며 머리를 푹 숙인다.,thirties,male_masculine,Seoul
common_voice_ko_36545185.wav,신철이 역시 간난이가 먼저 말하기 전에는 아무러한 눈치도 간난이에게 보이지 않을 모양이다.,thirties,male_masculine,Seoul
common_voice_ko_36545186.wav,그러다가는 다시 의혹이 생기기 시작 하였다.,thirties,male_masculine,Seoul
common_voice_ko_36545187.wav,엘지가 스마트폰 사업을 철수하면서 제한적으로 가능했던 부트로더 언락 서비스도 중단되었습니다.,thirties,male_masculine,Seoul
common_voice_ko_36545188.wav,사죄할 만큼 내가 춘우에게 부족히 한 것이 무엇이냐.,thirties,male_masculine,Seoul
common_voice_ko_36545189.wav,하며 아까 쓰러질 때처럼 오른편 아랫배를 움켜쥐며 지독한 고통을 참느라고 입살을 깨문다.,thirties,male_masculine,Seoul
common_voice_ko_36545191.wav,백두산 기상을 다 안고,thirties,male_masculine,Seoul
common_voice_ko_36545192.wav,무슨 흥이나 날 때에는 피아노에 가서 한 곡조 두드리는 재미도 또한 괜찮았습니다.,thirties,male_masculine,Seoul
common_voice_ko_36545196.wav,이마와 뺨에 입을 맞추어 주었다.,thirties,male_masculine,Seoul
common_voice_ko_36545197.wav,영신은 승객들에게 밀려서 동혁이가 걸터앉은 데까지 와서는 손잡이를 붙들고 섰다.,thirties,male_masculine,Seoul
common_voice_ko_36545198.wav,그 틈에 주전자 뚜껑은 또 소리 없이 열렸다.,thirties,male_masculine,Seoul
common_voice_ko_36545199.wav,투표 방법에 대해서 설명드리겠습니다.,thirties,male_masculine,Seoul
common_voice_ko_36545200.wav,아무 데도 얽매이지 않는 몸을 오로지 농촌사업에다만 바치리라.,thirties,male_masculine,Seoul
common_voice_ko_36545201.wav,형사가 잠깐 돌아선 사이에 동혁은 영신의 손을 덥석 잡았다.,thirties,male_masculine,Seoul
common_voice_ko_36545202.wav,그는 언제나 컴컴해서 일어나 나가곤 하였던 것이다.,thirties,male_masculine,Seoul
common_voice_ko_36545209.wav,그때에 그는 어머니와 그가 살던 아랫 마을 집이 문득 생각히었다.,thirties,male_masculine,Seoul
common_voice_ko_36545211.wav,"기껀 밥 처먹구 무슨 관격이야, 남의 농사 버려주면 이자식아 징역간다 봐라!",thirties,male_masculine,Seoul
common_voice_ko_36545212.wav,삼가 말씀에 주의하는 자는 좋은 것을 얻나니 여호와를 의지하는 자가 복이 있느니라,thirties,male_masculine,Seoul
common_voice_ko_36545213.wav,악을 행하기를 꾀하는 자를 일컬어 사특한 자라 하느니라,thirties,male_masculine,Seoul
common_voice_ko_36545219.wav,다시 살아날 자신이 있는 듯이 가냘픈 미소를 띠어 보인다.,thirties,male_masculine,Seoul
common_voice_ko_36545220.wav,저의 전보를 보고 그렇게 많이들 나왔을 줄은 몰랐다.,thirties,male_masculine,Seoul
common_voice_ko_36545222.wav,분홍빛 수건을 내어 방으로 들어앉는 신철의 무릎에 던진다.,thirties,male_masculine,Seoul
common_voice_ko_36545223.wav,그리고 이서방의 몸이 불편하다는 것을 깨달았다.,thirties,male_masculine,Seoul
common_voice_ko_36545224.wav,선비는 놀라 덕호를 바라보다 머리를 숙인다.,thirties,male_masculine,Seoul
common_voice_ko_36545225.wav,혀 곱은 소리로 덕호는 이렇게 말하였다.,thirties,male_masculine,Seoul
common_voice_ko_36545228.wav,굴다리 밑으로 오라고 해서 갔더니 아무도 없잖아?,thirties,male_masculine,Seoul
common_voice_ko_36545229.wav,그리고 용연의 원소가 떠오르고 선비가 눈결에 지나쳤다.,thirties,male_masculine,Seoul
common_voice_ko_36545230.wav,달이라고는 이름 뿐이요.,thirties,male_masculine,Seoul
common_voice_ko_36545231.wav,활활 다는 가마 속에 그의 몸뚱이를 넣고 달달 볶는 것 같았다.,thirties,male_masculine,Seoul
common_voice_ko_36545232.wav,그는 제게 햇빛이고 공기였어요,thirties,male_masculine,Seoul
common_voice_ko_36545233.wav,그러므로 할멈과 선비는 밤에도 맘놓고 자지를 못하고 방에 불을 끄지 못하였다.,thirties,male_masculine,Seoul
common_voice_ko_36545234.wav,이 자라야 한다는 것은 내가 아니라 내 아내가 될 점순이의 키 말이다.,thirties,male_masculine,Seoul
common_voice_ko_36545236.wav,횡단보도를 건널 때는 신호등을 확인해요.,thirties,male_masculine,Seoul
common_voice_ko_36545237.wav,말하자면 죄는 기회에 있는데 기회라는 무형물은 벌을 할 수가 없으니깐,thirties,male_masculine,Seoul
common_voice_ko_36545238.wav,이같이 하나님이 그 사람을 쫓아 내시고,thirties,male_masculine,Seoul
common_voice_ko_36545239.wav,면장과 구장은 기천의 소매를 끌어들인다.,thirties,male_masculine,Seoul
common_voice_ko_36545240.wav,옆의 동무는 선비의 귀에다 입을 대었다.,thirties,male_masculine,Seoul
common_voice_ko_36545242.wav,선비는 할 수 없음을 알고 부엌으로 나와서 물을 끓여 가지고 들어왔다.,thirties,male_masculine,Seoul
common_voice_ko_36545246.wav,웃기 잘하는 여공은 킥킥 웃으며 이불 속으로 손을 넣어 꾹 찔렀다.,thirties,male_masculine,Seoul
common_voice_ko_36545248.wav,국회의원은 법률이 정하는 직을 겸할 수 없다.,thirties,male_masculine,Seoul
common_voice_ko_36545254.wav,학교는 교육과정을 자의적으로 운영하거나 학생에게 임의적인 교내외 행사 참석을 강요하여서는 아니 된다.,thirties,male_masculine,Seoul
common_voice_ko_36545255.wav,네 생각은 네 말이 된다.,thirties,male_masculine,Seoul
common_voice_ko_36545256.wav,내가 모략과 지식의 아름다운 것을 기록하여,thirties,male_masculine,Seoul
common_voice_ko_36545257.wav,아담에게 이르시되,thirties,male_masculine,Seoul
common_voice_ko_36545258.wav,옥점의 뒤를 따라 들어오는 낯모를 양복쟁이는 모녀를 바라보며 머뭇머뭇 하고 섰다.,thirties,male_masculine,Seoul
common_voice_ko_36545264.wav,관대한 어린 손님은 이런 말을 남기고 총총히 옷도 입고 짐도 챙기러 갈 데로 갔다.,thirties,male_masculine,Seoul
common_voice_ko_36545265.wav,동산 각종 나무의 실과는 네가 임의로 먹되,thirties,male_masculine,Seoul
common_voice_ko_36545267.wav,그나마 부두노동에 있어서는 신철이가 맡았던 붉은 끈이 제일 임금이 많은 듯하였다.,thirties,male_masculine,Seoul
common_voice_ko_36545268.wav,쫓겨난 사람에게는 부모도 없고 형제도 없는 것이야.,thirties,male_masculine,Seoul
common_voice_ko_36545269.wav,그들은 뜻하지 않은 한숨이 후 나왔다.,thirties,male_masculine,Seoul
common_voice_ko_36545270.wav,첫째 어머니는 부엌으로 나가서 나무 한 뭇을 더 넣고 들어왔다.,thirties,male_masculine,Seoul
common_voice_ko_36545272.wav,영신은 불을 뜨뜻이 때어 놓은 아랫목에 가 턱 쓰러졌다.,thirties,male_masculine,Seoul
common_voice_ko_36545273.wav,선비는 어서 말이 끝나기를 기다리나 감독은 이런 부실한 말만 자꾸 늘어놓는다.,thirties,male_masculine,Seoul
common_voice_ko_36552124.wav,먹음직도 하고 보암직도 하고 지혜롭게 할만큼 탐스럽기도 한 나무인지라,thirties,male_masculine,Seoul
common_voice_ko_36552127.wav,그리고 어머니가 하던 말이 얼핏 생각힌다.,thirties,male_masculine,Seoul
common_voice_ko_36552128.wav,그러나 그 소리는 확실히 선비의 가슴 복판을 찔러 주었다.,thirties,male_masculine,Seoul
common_voice_ko_35850231.wav,그리고 선비의 그 고운 얼굴이 미소를 띠고 지나치는 것을 그는 확실히 보았다.,thirties,male_masculine,Seoul
common_voice_ko_35850233.wav,우리들은 각각 제 길 닦기에 바쁜 사람이라,thirties,male_masculine,Seoul
common_voice_ko_35850234.wav,나의 교훈을 받지 아니하고 나의 모든 책망을 업신여겼음이라,thirties,male_masculine,Seoul
common_voice_ko_35850365.wav,개천에서 용 난다,thirties,male_masculine,Seoul
common_voice_ko_35850368.wav,나는 그 알레그로가 울리어 나오는 순간 마음은 끝까지 긴장되고 흥분되었습니다.,thirties,male_masculine,Seoul
common_voice_ko_35850370.wav,선비가 이 공장에 들어온 지가 벌써 거의 일년이 되어 온다.,thirties,male_masculine,Seoul
common_voice_ko_35850371.wav,그리할 때마다 영숙은 서랍을 열고 상자 속에 넣어 두었던 패물낱을 들고 나갔다.,thirties,male_masculine,Seoul
common_voice_ko_35850372.wav,벌써부터 이런 생각을 가졌으나 용이하게 기회를 타는 수가 없었다.,thirties,male_masculine,Seoul
common_voice_ko_35850420.wav,그는 종잇조각과 연필을 내어 신철에게 무엇을 써서 보였다.,thirties,male_masculine,Seoul
common_voice_ko_35850422.wav,재판의 심리와 판결은 공개한다.,thirties,male_masculine,Seoul
common_voice_ko_35850423.wav,헌법재판소 재판관은 정당에 가입하거나 정치에 관여할 수 없다.,thirties,male_masculine,Seoul
common_voice_ko_35850425.wav,이번엔 제법 목소리가 패인 남학생의 질문이 들어왔다.,thirties,male_masculine,Seoul
common_voice_ko_35850426.wav,한번의 실패와 영원한 실패를 혼동하지 마라.,thirties,male_masculine,Seoul
common_voice_ko_35850466.wav,방망이 소리는 그가 걸을수록 점점 희미하게 들렸다.,thirties,male_masculine,Seoul
common_voice_ko_35850472.wav,모든 국민은 학문과 예술의 자유를 가진다.,thirties,male_masculine,Seoul
common_voice_ko_35850476.wav,학생 또는 보호자는 학생 본인에 관한 학교 기록을 언제든지 열람할 권리를 가진다.,thirties,male_masculine,Seoul
common_voice_ko_35850516.wav,그는 담 밑에 착 붙어 섰다.,thirties,male_masculine,Seoul
common_voice_ko_35850517.wav,"사랑은 말이지, 소유하는 게 아니야.",thirties,male_masculine,Seoul
common_voice_ko_35850518.wav,효애는 여전히 뭐라고 소곤소곤 이야기를 하였다.,thirties,male_masculine,Seoul
common_voice_ko_35850519.wav,점심 뒤에 회원들은 잡담을 하며 잠시 쉬었다.,thirties,male_masculine,Seoul
common_voice_ko_35850520.wav,영신은 그제야 그전에 백씨의 집에서 들은 동혁의 말을 되풀이하듯 하였다.,thirties,male_masculine,Seoul
common_voice_ko_35850616.wav,세상에 나의 마음을 알아 주는 사람이 어디 있어야죠.,thirties,male_masculine,Seoul
common_voice_ko_35850617.wav,옥점이는 눈에 웃음을 가득히 띠고 신철이를 쳐다보았다.,thirties,male_masculine,Seoul
common_voice_ko_35850619.wav,부르짖으며 저 혼자 감격하는 것이었다.,thirties,male_masculine,Seoul
common_voice_ko_35850620.wav,두 아들은 방 속에다 죽은 그 아버지의 송장을 제쳐놓고 서로 잡아삼킬 듯이 다투고 있었습니다.,thirties,male_masculine,Seoul
common_voice_ko_35850623.wav,간수의 호통소리에 그의 가슴은 푸르르 떨렸다.,thirties,male_masculine,Seoul
common_voice_ko_35850705.wav,여자가 뱀에게 말하되 동산 나무의 실과를 우리가 먹을 수 있으나,thirties,male_masculine,Seoul
common_voice_ko_35850706.wav,국가는 국가표준제도를 확립한다.,thirties,male_masculine,Seoul
common_voice_ko_35850708.wav,다른 누구에게도 의지하지 말고 오직 그대 혼자의 힘으로 하라.,thirties,male_masculine,Seoul
common_voice_ko_35850710.wav,까불이는 의자를 버쩍 들어 옮겨 놔주었다.,thirties,male_masculine,Seoul
common_voice_ko_35850711.wav,그가 좋아할 때마다 이런 버릇이 있었다.,thirties,male_masculine,Seoul
common_voice_ko_35850745.wav,그는 머리를 냉정히 하여 보려고 애를 썼다.,thirties,male_masculine,Seoul
common_voice_ko_35850746.wav,탄핵결정은 공직으로부터 파면함에 그친다.,thirties,male_masculine,Seoul
common_voice_ko_35850747.wav,그의 어머니는 악이 치받쳐서 벌떡 일어나며 첫째에게로 달려들었다.,thirties,male_masculine,Seoul
common_voice_ko_35850748.wav,한편으로 그가 영신을 될 수 있는 대로 호의로써 이해하려는 것도 물론이다.,thirties,male_masculine,Seoul
common_voice_ko_35850749.wav,선비는 얼굴이 뻘개서 가마에서 뽑혀 나오는 실끝을 들여다보았다.,thirties,male_masculine,Seoul
common_voice_ko_35850780.wav,무척 배가 고팠음에도 당분간은 아무것도 먹지 않기로 했다.,thirties,male_masculine,Seoul
common_voice_ko_35850784.wav,신철이는 영철의 우는 소리를 들으며 문밖을 나섰다.,thirties,male_masculine,Seoul
common_voice_ko_35850786.wav,혹은 사오십 년 뒤에 조선을 무대로 생겨날 이야기라고 생각하여도 좋다.,thirties,male_masculine,Seoul
common_voice_ko_35850787.wav,어디서 오셨어요?,thirties,male_masculine,Seoul
common_voice_ko_35850834.wav,덕호는 문 안에 선 채 선비 어머니를 바라보며 걱정을 한다.,thirties,male_masculine,Seoul
common_voice_ko_35850837.wav,그리고 무어라고 손질을 두어 번 치고 모밀 밭뒤로 사라진다.,thirties,male_masculine,Seoul
common_voice_ko_35850838.wav,선비는 씨아틀도 만지지 않으면 앞이 허전한 것 같아서 그냥 붙들고 있었다.,thirties,male_masculine,Seoul
common_voice_ko_35850840.wav,동시에 잠깐 잊었던 아픔이 그의 전신을 못 견디게 습격하였다.,thirties,male_masculine,Seoul
common_voice_ko_35850842.wav,첫째는 무정처하고 걷다가 다시 덕호의 집 주위를 한 바퀴 돌아서 그의 집으로 왔다.,thirties,male_masculine,Seoul
common_voice_ko_35850875.wav,"사회 교화자로서의 의견을 말씀해주십쇼.""",thirties,male_masculine,Seoul
common_voice_ko_35850877.wav,그는 마침내 구역질을 욱 하고 하였다.,thirties,male_masculine,Seoul
common_voice_ko_35850879.wav,다만 흰 벽이 찌들은 예배당만이 한곡리에 없는 귀물이었다.,thirties,male_masculine,Seoul
common_voice_ko_35850880.wav,장로와 다른 교인들이 들어와 병원으로 가기를 번차례로 권하였다.,thirties,male_masculine,Seoul
common_voice_ko_35850881.wav,그래서 그는 잘못 찾아왔는가 하여 도로 나와서 주저하다가 다시 들어갔다.,thirties,male_masculine,Seoul
common_voice_ko_35852120.wav,나는 아무 걱정도 없이,thirties,male_masculine,Seoul
common_voice_ko_35852122.wav,평안도 어느 산 깊은 금덤판.,thirties,male_masculine,Seoul
common_voice_ko_35852124.wav,비록 고구라 양복일 망정 노박이로 비를 맞으며 김첨지를 뒤쫓아 나왔으랴.,thirties,male_masculine,Seoul
common_voice_ko_35852125.wav,새파란 기운이 날 듯하던 그의 목소리는 어디로인지 쑥 들어가 버릴 듯하였다.,thirties,male_masculine,Seoul
common_voice_ko_35852127.wav,팔을 놀리면 팔이 아프고 다리를 놀리면 다리가 아팠다.,thirties,male_masculine,Seoul
common_voice_ko_35852201.wav,국가는 미수습자를 수습하기 위하여 최선을 다하여야 한다.,thirties,male_masculine,Seoul
common_voice_ko_35852202.wav,그가 방문을 소리 없이 열고 나서니 옆집에서는 시계가 새로 두시를 친다.,thirties,male_masculine,Seoul
common_voice_ko_35852204.wav,영숙은 다시 춘우의 마음을 헤아려 보았다.,thirties,male_masculine,Seoul
common_voice_ko_35852205.wav,본래부터 뼈만 남았던 그가 한층 더하여 마치 해골을 대하는 듯하였다.,thirties,male_masculine,Seoul
common_voice_ko_35852207.wav,그래봐야 아무것도 얻을 것이 없다.,thirties,male_masculine,Seoul
common_voice_ko_35852235.wav,고즈넉히 일어서서 피아노 앞에 가서 그의 어깨에 가만히 손을 얹었습니다.,thirties,male_masculine,Seoul
common_voice_ko_35852236.wav,난장보살은 호미로 땅을 치며 이렇게 소리쳤다.,thirties,male_masculine,Seoul
common_voice_ko_35852237.wav,슬기론 인민의 이 영광,thirties,male_masculine,Seoul
common_voice_ko_35852238.wav,동무는 무슨 말인지 잘 알아듣지 못하고 이렇게 되풀이하며 신철이를 똑바로 쳐다보았다.,thirties,male_masculine,Seoul
common_voice_ko_35852239.wav,그는 이리저리 피하면서 길 한 옆으로 걸어갔다.,thirties,male_masculine,Seoul
common_voice_ko_35887285.wav,그리고 그가 걸어갈 장차의 앞길까지도 저 길가같이 훤하게 내다보였다.,thirties,male_masculine,Seoul
common_voice_ko_35887286.wav,아까 옥점이가 그의 아버지에게 양복쟁이를 소개하던 것을 얼핏 생각하였다.,thirties,male_masculine,Seoul
common_voice_ko_35887287.wav,실행할 당연한 일이건만,thirties,male_masculine,Seoul
common_voice_ko_35887288.wav,세 살 버릇 여든까지 간다,thirties,male_masculine,Seoul
common_voice_ko_35887289.wav,비 맞은 나뭇가지 새 움이 뾰죽뾰죽.,thirties,male_masculine,Seoul
common_voice_ko_35972929.wav,난 집에 들어가자마자 체포됐어,thirties,male_masculine,Seoul
common_voice_ko_35972930.wav,"성공의 비결은 단 한 가지, 잘 할 수 있는 일에 광적으로 집중하는 것이다.",thirties,male_masculine,Seoul
common_voice_ko_35972931.wav,신철이는 그 밥을 못다 먹고 그만 일어나 나왔다.,thirties,male_masculine,Seoul
common_voice_ko_35972932.wav,늙고 불쌍한 너의 모는 죽지 못하여 모진 목숨을 그럭저럭 부지하여 간다.,thirties,male_masculine,Seoul
common_voice_ko_35972933.wav,간난이 역시 덕호의 얼굴이 떠올라서 불쾌하였다.,thirties,male_masculine,Seoul
common_voice_ko_36549580.wav,첫째는 귀찮다는 듯이 조금 물러앉으며 벌렁 누워 버렸다.,fourties,male_masculine,일반적인 성인 남성 
common_voice_ko_36549583.wav,술 못 마신다고 하지 않았던가?,fourties,male_masculine,일반적인 성인 남성 
common_voice_ko_36549592.wav,한구석에 몰려 앉은 여학생들은 손수건을 입에다 대고 허리를 잡는다.,fourties,male_masculine,일반적인 성인 남성 
common_voice_ko_36549593.wav,라멕이 아내들에게 이르되 아다와 씰라여 내 소리를 들으라,fourties,male_masculine,일반적인 성인 남성 
common_voice_ko_36549594.wav,동혁은 환자의 머리맡을 떠나지 않았다.,fourties,male_masculine,일반적인 성인 남성 
common_voice_ko_36549597.wav,그리고 잔기침을 두어 번하고 밖으로 나간다.,fourties,male_masculine,일반적인 성인 남성 
common_voice_ko_36549602.wav,감사합니다,fourties,male_masculine,일반적인 성인 남성 
common_voice_ko_36549604.wav,그리고 실끝을 골라 바짝 쥐고 사기바늘에 붙였다.,fourties,male_masculine,일반적인 성인 남성 
common_voice_ko_36549605.wav,"우리 학교 근처의 술집이며 모든 상점 주인들은, 그에게 매깨나 안 얻어맞은 사람이 없었습니다.",fourties,male_masculine,일반적인 성인 남성 
common_voice_ko_36549606.wav,할아버지께서 돌아가시면 저도 죽겠습니다.,fourties,male_masculine,일반적인 성인 남성 
common_voice_ko_36549607.wav,감독은 선비의 숙인 볼을 곁눈질해 보며 그들의 앞을 떠나지 않았다.,fourties,male_masculine,일반적인 성인 남성 
common_voice_ko_36549611.wav,그는 도리어 반가운 생각이 들어 벌컥 일어났다.,fourties,male_masculine,일반적인 성인 남성 
common_voice_ko_36549612.wav,주발 뚜껑이 찰찰 넘치도록 받아 놓았다.,fourties,male_masculine,일반적인 성인 남성 
common_voice_ko_36549616.wav,나는 지금 열심히 공부를 하는 중이다.,fourties,male_masculine,일반적인 성인 남성 
common_voice_ko_36549617.wav,젊은 주인은 영신의 기색이 심상치 않은 것을 보고 얼더듬는다.,fourties,male_masculine,일반적인 성인 남성 
common_voice_ko_36549618.wav,또 그 말을 꺼내누나 하고 머리를 숙였다.,fourties,male_masculine,일반적인 성인 남성 
common_voice_ko_36549620.wav,그리고 할멈 보고 무슨 말을 더 물어 보려다가 그만 돌아서서 방으로 들어갔다.,fourties,male_masculine,일반적인 성인 남성 
common_voice_ko_36549622.wav,그리고 우두커니 앉아서 부두 노동자들의 장래 승리를 생각하며 빙긋이 웃었다.,fourties,male_masculine,일반적인 성인 남성 
common_voice_ko_36549624.wav,남학생들은 그편으로 머리를 돌리며 손뼉을 친다.,fourties,male_masculine,일반적인 성인 남성 
common_voice_ko_36549626.wav,선들선들한 바람이 그의 타는 볼 위에 후끈 후끈 부딪치고 지나친다.,fourties,male_masculine,일반적인 성인 남성 
common_voice_ko_36549627.wav,"비상한 흥분과 그 흥분에 반비례되는 시원치 않은 결과, 이러한 불만의 십 년이 지났습니다.",fourties,male_masculine,일반적인 성인 남성 
common_voice_ko_36549628.wav,아버지는 눈을 흘겨보며 자기의 죄악을 폭로시키려는 인우를 무섭게 흘겨본다.,fourties,male_masculine,일반적인 성인 남성 
common_voice_ko_36549629.wav,며칠 후에 선비는 감독에게 부름을 받아 사무실에 들어가게 되었다.,fourties,male_masculine,일반적인 성인 남성 
common_voice_ko_36549630.wav,영 신은 손가락으로 모래 위에다가 글씨를 썼다 지웠다 한다.,fourties,male_masculine,일반적인 성인 남성 
common_voice_ko_36549631.wav,그러나 기침은 안타깝게 목구멍에서 간지럼을 태우며 올라오려고 애를 썼다.,fourties,male_masculine,일반적인 성인 남성 
common_voice_ko_36549644.wav,영신은 고마움에 겨워 그들의 손을 잡고 말도 못 하기를 몇 번이나 하였다.,fourties,male_masculine,일반적인 성인 남성 
common_voice_ko_36549645.wav,그러나 음악이 아니라기에는 거기에는 너무 괴롭고도 무겁고 힘있는 감정이 들어 있었습니다.,fourties,male_masculine,일반적인 성인 남성 
common_voice_ko_36549647.wav,그렇구나,fourties,male_masculine,일반적인 성인 남성 
common_voice_ko_36549648.wav,사회자는 좀 무색한 듯이 채영신이가 앉은 편으로 몇 걸음 다가오며 어서 일어나기를 권한다.,fourties,male_masculine,일반적인 성인 남성 
common_voice_ko_38203217.wav,이번 운동회 참가 신청이 계속 들어오고 있어요.,fourties,male_masculine,일반적인 성인 남성 
common_voice_ko_38203218.wav,그러나 차마 지게를 지고 이 거리를 저들과 같이 활보할 수는 없을 것 같았다.,fourties,male_masculine,일반적인 성인 남성 
common_voice_ko_38203222.wav,사숙하는 집까지 와서는 자리도 펼 사이가 없이 곯아떨어진다.,fourties,male_masculine,일반적인 성인 남성 
common_voice_ko_38203226.wav,가지각색 때가 켜켜이 앉은 옷내 병인의 땀 썩은 내가 섞인 추기가 무딘 그의 코를 찔렀다.,fourties,male_masculine,일반적인 성인 남성 
common_voice_ko_38203227.wav,그러면 부디부디 건강히 일 많이 하여 주십시오.,fourties,male_masculine,일반적인 성인 남성 
common_voice_ko_38203231.wav,땀이 이마에 숭숭 내배었건만 그는 씻으려고도 아니 하고 영신의 앞으로 가까이 앉는다.,fourties,male_masculine,일반적인 성인 남성 
common_voice_ko_38203232.wav,여기 화장실은 어디에 있나요?,fourties,male_masculine,일반적인 성인 남성 
common_voice_ko_38203235.wav,어느덧 신철이는 발길을 멈추고 우뚝 섰다.,fourties,male_masculine,일반적인 성인 남성 
common_voice_ko_38203236.wav,차 바퀴를 뒤지는데,fourties,male_masculine,일반적인 성인 남성 
common_voice_ko_38203246.wav,간난이는 선비의 둘도 없이 친하던 동무였다.,fourties,male_masculine,일반적인 성인 남성 
common_voice_ko_38203247.wav,그뿐 아니라 영신은 이따금 재판장 노릇까지도 하게 된다.,fourties,male_masculine,일반적인 성인 남성 
common_voice_ko_38203249.wav,자기는 그 근처를 빙빙 돌며 형세를 관망하기로 하였다,fourties,male_masculine,일반적인 성인 남성 
common_voice_ko_38203261.wav,그런 절대적 기묘한 찬스만 아니더라면 그런 마음은커녕 염도 내지도 않을 사람이라 생각하면 어찌 됩니까?,fourties,male_masculine,일반적인 성인 남성 
common_voice_ko_38203263.wav,무한한 감사와 가슴 벅찬 감격을 한아름 안고 무사히 나의 일터로 돌아왔습니다.,fourties,male_masculine,일반적인 성인 남성 
common_voice_ko_38203272.wav,"으응, 또 대답이 없네. 정말 죽었나 버이.",fourties,male_masculine,일반적인 성인 남성 
common_voice_ko_38203273.wav,완전 예쁘십니다?,fourties,male_masculine,일반적인 성인 남성 
common_voice_ko_38203275.wav,이게 꿈이 아니면 좋으련만,fourties,male_masculine,일반적인 성인 남성 
common_voice_ko_38203296.wav,동무는 문 편을 바라보며 말을 끊었다.,fourties,male_masculine,일반적인 성인 남성 
common_voice_ko_38203297.wav,천사의 임종 이튿날 저녁때에야 공의의 진찰을 받게 되었을 때 영신은 혼수상태에 빠져 있었다.,fourties,male_masculine,일반적인 성인 남성 
common_voice_ko_38203299.wav,그 뚜껑의 깨어진 작은 구멍 같은 초나흘 반달이 서쪽에 비껴 걸려 있다.,fourties,male_masculine,일반적인 성인 남성 
common_voice_ko_38203311.wav,춘우는 저쪽에 가서 영숙과 마주보고 앉았게 되었었다.,fourties,male_masculine,일반적인 성인 남성 
common_voice_ko_38203312.wav,구태여 쓰려면 못 쓸 바도 아니로되 그는 병이란 놈에게 약을 주어 보내면 재미를 붙였다,fourties,male_masculine,일반적인 성인 남성 
common_voice_ko_38203322.wav,더구나 첫째는 술 잘 먹고 사람 잘 치기로 유명하였던 것이다.,fourties,male_masculine,일반적인 성인 남성 
common_voice_ko_38203323.wav,목을 통하여 넘어가는 물은 곧 달큼하였다.,fourties,male_masculine,일반적인 성인 남성 
common_voice_ko_38203324.wav,선비 어머니는 온갖 애를 다 썼으나 아무 효험이 없었다.,fourties,male_masculine,일반적인 성인 남성 
common_voice_ko_38203325.wav,영숙은 한참 동안 아무 말을 못 하였다.,fourties,male_masculine,일반적인 성인 남성 
common_voice_ko_38203336.wav,덕호는 선비와 마주섰기가 거북해서 옥점 어머니의 손을 끌고 방으로 들어간다.,fourties,male_masculine,일반적인 성인 남성 
common_voice_ko_38203337.wav,그런데 그 놈 이그 은공을 몰라본단 말이어.,fourties,male_masculine,일반적인 성인 남성 
common_voice_ko_38203408.wav,아들의 그림자를 몇 해 만에야 발견하듯 가벼이 부르짖으며 무릎을 짚고 일어선다.,fourties,male_masculine,일반적인 성인 남성 
common_voice_ko_38203412.wav,갑자기 왕밤 빵 먹고 싶지 않아?,fourties,male_masculine,일반적인 성인 남성 
common_voice_ko_38203413.wav,"쏘지마, 군수 아들이 인질이다",fourties,male_masculine,일반적인 성인 남성 
common_voice_ko_38203462.wav,"저기요, 그 쪽에서 부르셨잖아요.",fourties,male_masculine,일반적인 성인 남성 
common_voice_ko_38203463.wav,지금 그의 머리에 떠나지 않고 있는 것은 반대로 옥점이었다.,fourties,male_masculine,일반적인 성인 남성 
common_voice_ko_38203479.wav,그는 다시 이편 골목으로 와서 한참이나 보았다.,fourties,male_masculine,일반적인 성인 남성 
common_voice_ko_38203480.wav,"해결도 없이, 감칠도화현이며 증육도화현을 범벅으로 섞어 놓았으면",fourties,male_masculine,일반적인 성인 남성 
common_voice_ko_38203499.wav,좌우간 심상스런 사람은 아니요,fourties,male_masculine,일반적인 성인 남성 
common_voice_ko_38203500.wav,이와 같은 생각을 하는 춘우의 마음은 다시 자기의 몸으로 돌아왔다.,fourties,male_masculine,일반적인 성인 남성 
common_voice_ko_38203526.wav,그 무서운 눈을 굴려 딸을 보았다.,fourties,male_masculine,일반적인 성인 남성 
common_voice_ko_38203527.wav,민수는 그날 밤잠 한 잠 못 자고 이런 생각 저런 생각을 되풀이하였다.,fourties,male_masculine,일반적인 성인 남성 
common_voice_ko_38203539.wav,그가 자리에 누울 때 선비가 돌아누웠다.,fourties,male_masculine,일반적인 성인 남성 
common_voice_ko_38203541.wav,두 사람은 형제와 같이 나란히 누워서 불을 끈 뒤에도 두런두런 이야기를 하였다.,fourties,male_masculine,일반적인 성인 남성 
common_voice_ko_38203550.wav,원재 어머니만 남겨 두고 다 내보낸 뒤에 문고리를 안으로 걸어 버렸다.,fourties,male_masculine,일반적인 성인 남성 
common_voice_ko_38203551.wav,나도 그때야 이불을 벗고 일어나서 어머니를 보았다.,fourties,male_masculine,일반적인 성인 남성 
common_voice_ko_38203553.wav,선비가 돌려 생각할 새도 없이 옥점이는 이렇게 비웃었다.,fourties,male_masculine,일반적인 성인 남성 
common_voice_ko_38203554.wav,화롯가에 붙인 촛가락처럼 이리 곤드라지고 저리 곤드라지는 양복쟁이들의 옆구리를 찌른다.,fourties,male_masculine,일반적인 성인 남성 
common_voice_ko_38203566.wav,악인은 쫓아 오는 자가 없어도 도망하나 의인은 사자 같이 담대하니라,fourties,male_masculine,일반적인 성인 남성 
common_voice_ko_38203567.wav,어젯밤 신철이가 그를 꽉 껴안아 주던 생각을 하며 눈등이 불그레해졌다.,fourties,male_masculine,일반적인 성인 남성 
common_voice_ko_38203568.wav,계집 하인이 엉거주춤하고 엎드려 물어 본다.,fourties,male_masculine,일반적인 성인 남성 
common_voice_ko_38203569.wav,이서방은 나무다리를 꾹 짚고 서서 귀여운 듯이 첫째를 바라본다.,fourties,male_masculine,일반적인 성인 남성 
common_voice_ko_38203570.wav,트위터 대신 마스토돈을 사용할 수 있다.,fourties,male_masculine,일반적인 성인 남성 
common_voice_ko_38203578.wav,꺼져,fourties,male_masculine,일반적인 성인 남성 
common_voice_ko_38203581.wav,멀리 재목공장에서는 기계로 재목 가르는 소리가 짜아짜아 하고 유달리 새어 들려 온다.,fourties,male_masculine,일반적인 성인 남성 
common_voice_ko_38203593.wav,"빌어먹을 깍쟁이 같은 년, 누가 저를 어쩌나",fourties,male_masculine,일반적인 성인 남성 
common_voice_ko_38203594.wav,그는 나의 목자이다.,fourties,male_masculine,일반적인 성인 남성 
common_voice_ko_38203596.wav,신은 용기 있는 자를 결코 버리지 않는다.,fourties,male_masculine,일반적인 성인 남성 
common_voice_ko_38203597.wav,옛날에 여기 도둑이 둘 있었는데,fourties,male_masculine,일반적인 성인 남성 
common_voice_ko_38203598.wav,카카오게임즈 근처에서 모바일 게임 사용자들이 마차 시위를 진행하여 주목을 끌고 있습니다.,fourties,male_masculine,일반적인 성인 남성 
common_voice_ko_38203614.wav,선비는 일어나는 할멈을 보며 따라 일어났다.,fourties,male_masculine,일반적인 성인 남성 
common_voice_ko_38203616.wav,총독 각하 들어가십니다!,fourties,male_masculine,일반적인 성인 남성 
common_voice_ko_38203618.wav,한 바가지를 철철 넘치도록 따라서 영신에게 권한다.,fourties,male_masculine,일반적인 성인 남성 
common_voice_ko_36880067.wav,그 이웃을 쳐서 거짓 증거하는 사람은 방망이요 칼이요 뾰족한 살이니라,twenties,female_feminine,서울
common_voice_ko_36880068.wav,무릇 경영은 의논함으로 성취하나니 모략을 베풀고 전쟁할지니라,twenties,female_feminine,서울
common_voice_ko_36880069.wav,그와 동시에 애상적이던 기분은 구름과 같이 흩어지고 안개처럼 스러졌다.,twenties,female_feminine,서울
common_voice_ko_36880070.wav,하면서도 기천은 동혁이가 먹는다는 바람에 숨도 아니 쉬고 쪼옥 들이켰다.,twenties,female_feminine,서울
common_voice_ko_36880071.wav,다 좋았는데 원두만큼은 조금 신 것 같아 아쉬웠어.,twenties,female_feminine,서울
common_voice_ko_36880073.wav,그 것은 회원들이 여러 달을 두고 조사해 온 것으로 매우 정확한 통계였다.,twenties,female_feminine,서울
common_voice_ko_36880074.wav,그는 곧 울고 싶은 감정을 느꼈다.,twenties,female_feminine,서울
common_voice_ko_36880075.wav,옷 그렇게 벗지 말라고,twenties,female_feminine,서울
common_voice_ko_36880076.wav,의사에게 죽음의 선고를 받은 줄도 모르는 영신은 주사 기운에 조금 의식을 회복하였다.,twenties,female_feminine,서울
common_voice_ko_36880077.wav,날씨 또한 백프로 정확한 예측은 불가능한데요.,twenties,female_feminine,서울
common_voice_ko_36880078.wav,그는 청아를 자기 가슴에다 꼭 끼어안아 보았다.,twenties,female_feminine,서울
common_voice_ko_36880080.wav,껄끄러운 애 내쫓아주겠다니까 차장이 선배 이쁘대요?,twenties,female_feminine,서울
common_voice_ko_36880081.wav,병원에만 계속 있으면 병납니다.,twenties,female_feminine,서울
common_voice_ko_36880299.wav,공연한 소리 하지 말고 어서 가세.,twenties,female_feminine,서울
common_voice_ko_36880300.wav,묻는 아버지의 목소리는 아까 꾸짖던 때와는 딴판으로 부드럽다.,twenties,female_feminine,서울
common_voice_ko_36880301.wav,하면서도 좀더 시원하게 들여대지를 못하고 온 것이 종시 분하였다.,twenties,female_feminine,서울
common_voice_ko_36880302.wav,하면서 허리에 휘감긴 동혁의 팔을 슬그머니 풀었다.,twenties,female_feminine,서울
common_voice_ko_36880303.wav,따라서 이때껏 느껴 보지 못한 어떤 불안을 가슴이 답답하도록 느꼈다.,twenties,female_feminine,서울
common_voice_ko_36880304.wav,선비는 받아 가지고 간난의 뒤를 따랐다.,twenties,female_feminine,서울
common_voice_ko_36880306.wav,네가 돌아올 때까지 기다리고 있으마!,twenties,female_feminine,서울
common_voice_ko_36880307.wav,그래서 거지 안을 뒤져 보니 아무것도 잡히지 않았다.,twenties,female_feminine,서울
common_voice_ko_36880308.wav,새벽배송보다도 로켓배송보다도 빠른 양자 배송 서비스를 오늘부터 시작합니다.,twenties,female_feminine,서울
common_voice_ko_36880309.wav,강아지가 꼬리를 흔들듯이 뾰족한 발끝을 달달달 까분다.,twenties,female_feminine,서울
common_voice_ko_36880310.wav,아니다 결코 아니다.,twenties,female_feminine,서울
common_voice_ko_36880312.wav,지금 거신 번호는 없는 번호입니다.,twenties,female_feminine,서울
common_voice_ko_36880313.wav,덕호는 선비를 힘껏 껴안아 보고 나서 밖으로 나갔다.,twenties,female_feminine,서울
common_voice_ko_36880315.wav,요즘 영어권에서는 구글 검색 대신에 레딧 같은 커뮤니티 사이트에서 검색한다죠?,twenties,female_feminine,서울
common_voice_ko_36880316.wav,청하는 이쪽 노를 저으면서 소리를 지른다.,twenties,female_feminine,서울
common_voice_ko_36880322.wav,물에 비취이면 얼굴이 서로 같은 것 같이 사람의 마음도 서로 비취느니라,twenties,female_feminine,서울
common_voice_ko_36880323.wav,여러 사람의 앞으로 한 걸음 다가서며 그 검붉은 얼굴이 매우 긴장해진다.,twenties,female_feminine,서울
common_voice_ko_36880324.wav,여전히 사건 파악을 못 하고 있는데도?,twenties,female_feminine,서울
common_voice_ko_36880325.wav,하나님이 뭍을 땅이라 칭하시고 모인 물을 바다라 칭하시니라 하나님의 보시기에 좋았더라,twenties,female_feminine,서울
common_voice_ko_36880333.wav,외눈까풀이는 빙긋이 웃으며 신철이가 주저앉히는 대로 앉아서 방 안을 휘 돌아보았다.,twenties,female_feminine,서울
common_voice_ko_36880336.wav,토요일에는 가족과 함께 쿠키를 구울 것입니다.,twenties,female_feminine,서울
common_voice_ko_36880341.wav,이거리를 둘이서 걸어요.,twenties,female_feminine,서울
common_voice_ko_36880342.wav,나는 털썩 그 자리에 주저앉고 말았습니다.,twenties,female_feminine,서울
common_voice_ko_36880343.wav,주문하실 상품의 개수는 몇 개인가요?,twenties,female_feminine,서울
common_voice_ko_36880354.wav,간난이는 생긋 웃어 보이며 머리를 흔들었다.,twenties,female_feminine,서울
common_voice_ko_36880355.wav,국무총리는 국회의 동의를 얻어 대통령이 임명한다.,twenties,female_feminine,서울
common_voice_ko_36880357.wav,너는 벙어리와 고독한 자의 송사를 위하여 입을 열지니라,twenties,female_feminine,서울
common_voice_ko_36880358.wav,무어가 무언지 분간할 수 없는 나는 이렇게 물었다.,twenties,female_feminine,서울
common_voice_ko_36880359.wav,아직 대문은 걸린 채 그대로 있었다.,twenties,female_feminine,서울
common_voice_ko_36880363.wav,"어리석은 자는 멀리서 행복을 찾고, 현명한 자는 자신의 발치에서 행복을 키워간다.",twenties,female_feminine,서울
common_voice_ko_36880364.wav,즐겁고 재미있는 콘텐츠를 만들 작가를 모집합니다.,twenties,female_feminine,서울
common_voice_ko_36880365.wav,동화가 마주 가서 어머니의 머리에서 함지박을 받아 들고 뛰어왔다.,twenties,female_feminine,서울
common_voice_ko_36880366.wav,그리고 그 커다란 눈을 둥그렇게 떴다.,twenties,female_feminine,서울
common_voice_ko_36880367.wav,그리고 부끄럽지만 않으면 어젯밤 일을 아버지에게 자랑하고 싶었다.,twenties,female_feminine,서울
common_voice_ko_36880372.wav,부르짖으며 발길로 벽을 걷어차고 일어났다.,twenties,female_feminine,서울
common_voice_ko_36880373.wav,나오는 줄 모르고 이런 말을 하고도 가슴이 선뜩하였다.,twenties,female_feminine,서울
common_voice_ko_36880380.wav,저 뒤에 동영상으로 주암동 사건 개요가 나올 겁니다.,twenties,female_feminine,서울
common_voice_ko_36880381.wav,먼 땅에서 오는 좋은 기별은 목마른 사람에게 냉수 같으니라,twenties,female_feminine,서울
common_voice_ko_36880382.wav,"예, 덕분에...",twenties,female_feminine,서울
common_voice_ko_36880386.wav,김첨지는 원망스럽게 전차 타는 이를 노리고 있었다.,twenties,female_feminine,서울
common_voice_ko_36880388.wav,그러나 그네들은 운동꾼이 아니요 구경꾼인 것은 물론이다.,twenties,female_feminine,서울
common_voice_ko_36880393.wav,"갑자기 튀어져 나오는 광포, 거기 연한 쾌미, 흥소",twenties,female_feminine,서울
common_voice_ko_36880394.wav,그때 전깃불이 꺼풋 하고 꺼져 버렸다.,twenties,female_feminine,서울
common_voice_ko_36880395.wav,마음의 정결을 사모하는 자의 입술에는 덕이 있으므로 임금이 그의 친구가 되느니라,twenties,female_feminine,서울
common_voice_ko_36880400.wav,게으른 자는 말하기를 사자가 밖에 있은즉 내가 나가면 거리에서 찢기겠다 하느니라,twenties,female_feminine,서울
common_voice_ko_36880401.wav,"그럼, 내일 오랍쇼니까?",twenties,female_feminine,서울
common_voice_ko_36880402.wav,"반갑습니다 고객님, 희망을 전해드리는 통신사 케이알 정보통신입니다. 무엇을 도와드릴까요?",twenties,female_feminine,서울
common_voice_ko_36880403.wav,동혁은 체격과는 정반대로 아이들을 보면 귀여워서 사지를 못 쓴다.,twenties,female_feminine,서울
common_voice_ko_36880404.wav,그는 나를 밀쳐 버린 다음에 그 음보를 들고서 읽기 시작하였습니다.,twenties,female_feminine,서울
common_voice_ko_36880405.wav,그리고 이 집에서 옥점이를 어떻게 귀여워하는 것을 잠시간이라도 알 수가 있다.,twenties,female_feminine,서울
common_voice_ko_36880406.wav,앞뜰과 뒷동산의 앙상한 삭정이를 휩쓰는 바람 소리만 파도 소리처럼 쏴아쏴아 하고 지나간다.,twenties,female_feminine,서울
common_voice_ko_36880407.wav,가만히 그의 두 손을 잡았다.,twenties,female_feminine,서울
common_voice_ko_36880408.wav,안개 같은 감정이 그의 가슴에서 이리 서리고 저리 엉클어진다.,twenties,female_feminine,서울
common_voice_ko_36880409.wav,아까까지 영신은 그 불을 얕은 하늘의 별들이 반짝이는 줄로만 알고있었다.,twenties,female_feminine,서울
common_voice_ko_36880410.wav,"골김에 그저 이놈의 장인님, 하고 댓돌에다 메꼰코 우리 고향으로 내뺄까 하다가 꾹꾹 참고 말았다.",twenties,female_feminine,서울
common_voice_ko_36880411.wav,커다랗게 흉내를 내어서 여러 사람은 천장을 우러러 간간대소를 하였다.,twenties,female_feminine,서울
common_voice_ko_36880412.wav,그때 신철이는 옥점 어머니가 선비를 나무랄 때 찡그리던 얼굴임을 얼핏 발견하였다.,twenties,female_feminine,서울
common_voice_ko_36880413.wav,의심하는 마음과 한꺼번에 일어나는 것은 질투였다.,twenties,female_feminine,서울
common_voice_ko_36880414.wav,애가 말라서 간청을 하는 것이었다.,twenties,female_feminine,서울
common_voice_ko_36880415.wav,오늘 밤은 특히 애들의 재미난 유희가 있다고 해서 유서방이며 덕호까지도 모두 갔던 것이다.,twenties,female_feminine,서울
common_voice_ko_36880417.wav,여보게 김첨지,twenties,female_feminine,서울
common_voice_ko_36880418.wav,그의 연지 바른 입이 가까이만 가도 불같이 뜨거워 춘우의 피를 태울 듯하였다.,twenties,female_feminine,서울
common_voice_ko_36880419.wav,덕호는 이불로 몸을 가리고 일어앉아 물그릇을 받으며 이렇게 말하였다.,twenties,female_feminine,서울
common_voice_ko_36880421.wav,그는 얼른 뒷문 편으로 몸을 피하였다.,twenties,female_feminine,서울
common_voice_ko_36880422.wav,뜨거운 볕이 그의 전신을 후끈하게 하였다.,twenties,female_feminine,서울
common_voice_ko_36880423.wav,뱁새가 황새를 따르려다간 다리가 찢어지는 줄 모르구 덮어놓고 날뛰는구나.,twenties,female_feminine,서울
common_voice_ko_36880425.wav,삼십 년 전에 자네가 나오기 전에 세상 떠난,twenties,female_feminine,서울
common_voice_ko_36880426.wav,종을 어렸을 때부터 곱게 양육하면 그가 나중에는 자식인 체하리라,twenties,female_feminine,서울
common_voice_ko_39745083.wav,그는 검버섯이 돋은 이마에 주름살을 잡으며 머리 위를 우러러본다.,twenties,female_feminine,서울
common_voice_ko_39745087.wav,지금은 지팽이를 짚으시고도 별로 나다니시지를 못하셔요.,twenties,female_feminine,서울
common_voice_ko_39745088.wav,내가 가장 좋아하는 과목은 체육이다.,twenties,female_feminine,서울
common_voice_ko_39745089.wav,홍길동 회장님 비서입니다,twenties,female_feminine,서울
common_voice_ko_39745090.wav,지금 누구를 만나고 있기는 한데,twenties,female_feminine,서울
common_voice_ko_39745091.wav,출입문 닫습니다.,twenties,female_feminine,서울
common_voice_ko_39745093.wav,중학을 졸업한 뒤에는 이젠 어머니를 위하여 그는 학업을 중지하지 않을 수가 없었습니다.,twenties,female_feminine,서울
common_voice_ko_39745114.wav,일에 바쁜 꿀벌은 슬퍼할 겨를도 없다는 격언이 있지 않은가.,twenties,female_feminine,서울
common_voice_ko_39745115.wav,그러자 그 돈 벌 용기가 병자에 대한 염려를 사르고 말았다.,twenties,female_feminine,서울
common_voice_ko_39745121.wav,춘우는 자리 위에 그대로 쓰러지어 고단한 다리를 펴려 하여 두 다리를 쭉 뻗었다.,twenties,female_feminine,서울
common_voice_ko_39745123.wav,덕호는 그가 너무 미워서 이름도 부르지 않는 것이다.,twenties,female_feminine,서울
common_voice_ko_39745124.wav,동혁은 못 이기는 체하고 따라 들어갔다.,twenties,female_feminine,서울
common_voice_ko_39745125.wav,운전수를 끌어내려 퍽퍽 두드려 주고 싶었다.,twenties,female_feminine,서울
common_voice_ko_39745150.wav,그리고 선비 입에서 무슨 말이 나오기를 기다렸다.,twenties,female_feminine,서울
common_voice_ko_39745163.wav,정근이더러 무슨 말이라도 꺼내라고 재촉 비슷이 한다.,twenties,female_feminine,서울
common_voice_ko_39745164.wav,그의 속을 뚫고 보려는 듯한 옥점이의 강한 시선을 그는 약간 피하였다.,twenties,female_feminine,서울
common_voice_ko_39745166.wav,그러한 칠팔 년이 지난 뒤에 그는 아주 폐인이 되고 말았습니다.,twenties,female_feminine,서울
common_voice_ko_39745188.wav,그는 자기가 누운 동안 하루도 주야학을 쉬지 못하게 하였다.,twenties,female_feminine,서울
common_voice_ko_39745191.wav,또 한 잔 먹고 나서 김첨지는 치삼의 어깨를 치며 문득 껄껄 웃는다.,twenties,female_feminine,서울
common_voice_ko_39745208.wav,그때 맞은편 방에서는 웃음소리가 하하 하고 흘러나왔다.,twenties,female_feminine,서울
common_voice_ko_39745210.wav,그리고 뛰노는 가슴을 진정하며 기침을 하였다.,twenties,female_feminine,서울
common_voice_ko_39745211.wav,"좀 급속도로 시작된 빈곤, 거기 연하여 주림, 꺼져가는 불꽃과 같은 목숨",twenties,female_feminine,서울
common_voice_ko_39745230.wav,그는 무의식간에 볼을 슬슬 어루만지며 벌컥 일어났다.,twenties,female_feminine,서울
common_voice_ko_39745231.wav,웬일인지 선비는 가슴이 답답해지며 얼른 대답이 나가지 않았다.,twenties,female_feminine,서울
common_voice_ko_36880087.wav,배고픈데 지금 저녁 식사를 먹으면 너무 이를까?,twenties,male_masculine,서울
common_voice_ko_36880090.wav,동혁은 가슴을 봉긋이 내밀며 숨을 깊닿게 들여마셨다.,twenties,male_masculine,서울
common_voice_ko_36880096.wav,그는 기침을 안 하려고 입을 꼭 다문 후에 숨을 쉬지 않았다.,twenties,male_masculine,서울
common_voice_ko_36880097.wav,동혁은 입술을 꽉 깨물고 원재의 뒤를 따라 묵묵히 논틀 밭틀을 걸었다.,twenties,male_masculine,서울
common_voice_ko_36880098.wav,대한 사람 대한으로 길이 보전하세,twenties,male_masculine,서울
common_voice_ko_36880102.wav,내가 두 가지 일을 주께 구하였사오니 나의 죽기 전에 주시옵소서,twenties,male_masculine,서울
common_voice_ko_36880103.wav,하더니 미리부터 허리를 구부리며 집 속으로 기어들어간다.,twenties,male_masculine,서울
common_voice_ko_36880104.wav,긴 말은 쓸 수 없으나 오직 건강에 각별히 주의해 주십시오.,twenties,male_masculine,서울
common_voice_ko_36880105.wav,여러 해 별러 오던 농우회의 회관을 지으려고 오늘 저녁에 그 지경을 닦는 것이다.,twenties,male_masculine,서울
common_voice_ko_36880106.wav,옥점 어머니는 저고리 고름을 매고 버선을 신는다.,twenties,male_masculine,서울
common_voice_ko_36880112.wav,이웃에게 아첨하는 것은 그의 발 앞에 그물을 치는 것이니라,twenties,male_masculine,서울
common_voice_ko_36880114.wav,실상인즉 뻔히 섰던 것이 아니라.,twenties,male_masculine,서울
common_voice_ko_36880115.wav,취조실 문이 열리는 소리에 바작바작 졸이고 섰던 영신의 가슴은 달칵 내려앉았다.,twenties,male_masculine,서울
common_voice_ko_36880116.wav,안방에 모였던 다른 청년들도 서넛이나 원재의 뒤를 따라 들어왔다.,twenties,male_masculine,서울
common_voice_ko_36880117.wav,그리고 흐르는 물 속으로 빛나는 차돌을 물끄러미 들여다보았다.,twenties,male_masculine,서울
common_voice_ko_36880123.wav,그와 동시에 기천의 가슴도 쿵 하고 울렸다.,twenties,male_masculine,서울
common_voice_ko_36880124.wav,우리 기상일세,twenties,male_masculine,서울
common_voice_ko_36880125.wav,춘우는 모래 위에 앉아서 멀리 서울 쪽을 바라보고 앉아 있었다.,twenties,male_masculine,서울
common_voice_ko_36880127.wav,얼마나 불편해도 가만있어야지.,twenties,male_masculine,서울
common_voice_ko_36880128.wav,부자는 가난한 자를 주관하고 빚진 자는 채주의 종이 되느니라,twenties,male_masculine,서울
common_voice_ko_36880130.wav,"필요가 발명의 어머니라는 건 누구나 아는 사실이지만, 특허에도 유지비가 들어간다는 것도 유념해주세요.",twenties,male_masculine,서울
common_voice_ko_36880133.wav,동영상 같이 보시고 제가 이 질문 드리면 교수님이 그때부터 말씀하시면 돼요.,twenties,male_masculine,서울
common_voice_ko_36880134.wav,로마는 하루아침에 이루어진 것이 아니다,twenties,male_masculine,서울
common_voice_ko_36880135.wav,이는 혁신을 저지하는 것입니다.,twenties,male_masculine,서울
common_voice_ko_36880136.wav,그들은 나에게 힘을 준다.,twenties,male_masculine,서울
common_voice_ko_36880140.wav,가난한 자를 구제하는 자는 궁핍하지 아니 하려니와 못본체 하는 자에게는 저주가 많으리라,twenties,male_masculine,서울
common_voice_ko_36880142.wav,그는 그와 한 학급에 있는 인호였다.,twenties,male_masculine,서울
common_voice_ko_36880148.wav,나를 버리고 가시는 님은 십리도 못가서 발병난다.,twenties,male_masculine,서울
common_voice_ko_36880149.wav,충성된 자는 복이 많아도 속히 부하고자 하는 자는 형벌을 면치 못하리라,twenties,male_masculine,서울
common_voice_ko_36880150.wav,이서방은 물끄러미 이것을 바라보며 가슴이 후련해졌다.,twenties,male_masculine,서울
common_voice_ko_36880151.wav,제가 지금 좀 너무 급해서요.,twenties,male_masculine,서울
common_voice_ko_36880152.wav,우리 마누라가 죽었다네.,twenties,male_masculine,서울
common_voice_ko_36880159.wav,아침에 종소리만 들리면 입술을 깨물며 문고리를 붙잡고 일어났다.,twenties,male_masculine,서울
common_voice_ko_36880160.wav,르무엘왕의 말씀한바 곧 그 어머니가 그를 훈계한 잠언이라,twenties,male_masculine,서울
common_voice_ko_36880161.wav,선생님 소개 끝나면 저쪽 자리에 앉으시면 됩니다.,twenties,male_masculine,서울
common_voice_ko_36880162.wav,"유명한 광염 소나타의 작가 말씀이지요?""",twenties,male_masculine,서울
common_voice_ko_36880167.wav,장인이 온갖 것을 만들지라도 미련한 자를 고용하는 것은 지나가는 자를 고용함과 같으니라,twenties,male_masculine,서울
common_voice_ko_36880168.wav,쥐어 터져서 병원비 내는 건 못 참는다,twenties,male_masculine,서울
common_voice_ko_36880169.wav,형제는 머리끝이 쭈뼛해서 문칫하고 서지 않을 수 없었다.,twenties,male_masculine,서울
common_voice_ko_36880170.wav,거짓말하는 자는 자기의 해한 자를 미워하고 아첨하는 입은 패망을 일으키느니라,twenties,male_masculine,서울
common_voice_ko_36880174.wav,모기 소리같이 중얼거리고 숨을 걸그렁걸그렁하였다.,twenties,male_masculine,서울
common_voice_ko_36880175.wav,여호와 하나님이 에덴동산에서 그 사람을 내어 보내어,twenties,male_masculine,서울
common_voice_ko_36880176.wav,정은배 씨와 마동혁 씨의 음악을 굉장히 다르다고 생각했거든요.,twenties,male_masculine,서울
common_voice_ko_36880177.wav,그때에 비단을 찢는 듯한 옥점의 조소가 들리는 듯하여 그는 얼핏 머리를 숙였다.,twenties,male_masculine,서울
common_voice_ko_36880178.wav,웬일인지 선비가 울면 할멈은 번번이 따라 울곤 하였던 것이다.,twenties,male_masculine,서울
common_voice_ko_36880180.wav,"여기 편의점은 이십사시간 내내 열지는 않으니까, 필요한 게 있으면 미리 사두세요.",twenties,male_masculine,서울
common_voice_ko_36880181.wav,용서해 주십시오,twenties,male_masculine,서울
common_voice_ko_36880182.wav,제일항의 지시를 받은 당해 행정기관은 이에 응하여야 한다.,twenties,male_masculine,서울
common_voice_ko_36880183.wav,목요일에 게임을 하시겠습니까?,twenties,male_masculine,서울
common_voice_ko_36880184.wav,엄중히 명령을 한 뒤에 다시 회관으로 들어갔다.,twenties,male_masculine,서울
common_voice_ko_36880185.wav,하고 창하는 춘우의 얼굴을 한참이나 물끄러미 들여다보았다.,twenties,male_masculine,서울
common_voice_ko_36880186.wav,그는 저 싸락눈을 보니 한층더 가슴이 죄어들었다.,twenties,male_masculine,서울
common_voice_ko_36880187.wav,영숙도 약간 얼굴에 피가 올라오며 목소리가 높아진다.,twenties,male_masculine,서울
common_voice_ko_36880188.wav,이 곳은 마차 시위가 이루어지고 있는 판교 도심 한복판입니다.,twenties,male_masculine,서울
common_voice_ko_36880189.wav,물러나서 조용하게 구하면 배울 수 있는 스승은 많다.,twenties,male_masculine,서울
common_voice_ko_36880190.wav,여동생이 점점 어머니를 닮았나 보다.,twenties,male_masculine,서울
common_voice_ko_36880191.wav,심판 자리에 앉은 왕은 그 눈으로 모든 악을 흩어지게 하느니라,twenties,male_masculine,서울
common_voice_ko_36880192.wav,눈물이 앞을 가리어 그의 얼굴이 희미하게 보인다.,twenties,male_masculine,서울
common_voice_ko_36880193.wav,이렇게 하면 당신네들이 앞으로는 다 부자가 될 것이오.,twenties,male_masculine,서울
common_voice_ko_36880194.wav,황금정에서는 용산으로 가는 듯한 월급쟁이들이 가득 들이몰리었다.,twenties,male_masculine,서울
common_voice_ko_36880195.wav,건넛마을에서 졸린 듯한 닭 우는 소리가 들렸다.,twenties,male_masculine,서울
common_voice_ko_36880196.wav,이것이 이 좋은 새 옷을 준 데 대한 흥선의 인사였다.,twenties,male_masculine,서울
common_voice_ko_36880197.wav,삶을 사는 데는 단 두가지 방법이 있다.,twenties,male_masculine,서울
common_voice_ko_36880198.wav,그때 세계 경제의 흐름이 심상찮았다.,twenties,male_masculine,서울
common_voice_ko_36880200.wav,보라 이 사람이 선악을 아는 일에 우리 중 하나 같이 되었으니,twenties,male_masculine,서울
common_voice_ko_36880201.wav,여자의 말에 따라 정근은 뇌란 얼굴을 쳐들었다.,twenties,male_masculine,서울
common_voice_ko_36880202.wav,"자, 여기 어떤 상점이 있다 합시다.",twenties,male_masculine,서울
common_voice_ko_36880204.wav,간난이는 얼른 선비를 보며 호호 웃었다.,twenties,male_masculine,서울
common_voice_ko_36880206.wav,이런 경우에 자네를 힘껏 붙잡지를 못허는 게 무한히 슬플 뿐일세.,twenties,male_masculine,서울
common_voice_ko_36880207.wav,계집애들은 동요를 부르듯 하면서 영신의 손에 소매에 치맛자락에 매어달려서 까치처럼 깡충깡충 뛴다.,twenties,male_masculine,서울
common_voice_ko_36880208.wav,우리나라가 민주국가인 한 정치적 폭력을 규탄해야 합니다.,twenties,male_masculine,서울
common_voice_ko_36880209.wav,그때 그는 경찰서에서 고문받던 생각을 하고 소름이 쭉 끼쳤다.,twenties,male_masculine,서울
common_voice_ko_36880210.wav,스스로 묻기도 하고 한숨도 짓는다.,twenties,male_masculine,서울
common_voice_ko_36880211.wav,그는 마시고 빈궁한 것을 잊어버리겠고 다시 그 고통을 기억지 아니하리라,twenties,male_masculine,서울
common_voice_ko_36880213.wav,그는 구두를 벗고 방 안을 얼른 살펴보았다.,twenties,male_masculine,서울
common_voice_ko_36880214.wav,길로 지나다가 자기에게 상관없는 다툼을 간섭하는 자는 개 귀를 잡는 자와 같으니라,twenties,male_masculine,서울
common_voice_ko_36880215.wav,박첨지는 마누라를 흘깃 돌려다보고 중얼중얼 군소리하듯 한다.,twenties,male_masculine,서울
common_voice_ko_36880216.wav,첫째는 무슨 말을 하려다가 말끝을 잊었다.,twenties,male_masculine,서울
common_voice_ko_36880217.wav,일포는 못 들은 체하고 있다가 여전히 또 우벼 내서 맡아 보곤 하였다.,twenties,male_masculine,서울
common_voice_ko_36880218.wav,자기의 마음을 제어하지 아니하는 자는 성읍이 무너지고 성벽이 없는 것 같으니라,twenties,male_masculine,서울
common_voice_ko_36880220.wav,그의 가슴에는 또다시 그 실뭉치가 욱 쓸어 올라온다.,twenties,male_masculine,서울
common_voice_ko_36880221.wav,투표된 점수를 적어 들고 이름을 부르는 구장의 손과 입은 함께 떨렸다.,twenties,male_masculine,서울
common_voice_ko_36880224.wav,그럴 것이다.,twenties,male_masculine,서울
common_voice_ko_36880225.wav,암만 사정허듯 타일러두 점점 왜먹기만 허는걸.,twenties,male_masculine,서울
common_voice_ko_36880226.wav,나는 작년에 조선 왕조에 관한 책을 썼습니다.,twenties,male_masculine,서울
common_voice_ko_36880227.wav,"나도 사람이고 여자야, 알았니?",twenties,male_masculine,서울
common_voice_ko_36880228.wav,동혁은 흐릿한 등잔 밑에서 눈을 꿈벅꿈벅하며 몇 번이나 편지를 내려읽고 치읽고 하였다.,twenties,male_masculine,서울
common_voice_ko_36880229.wav,이 밤부터는 바람까지 일어서 휙휙 하는 소리가 그치지 않았다.,twenties,male_masculine,서울
common_voice_ko_36880230.wav,몸과 맘 다 바쳐 이 조선,twenties,male_masculine,서울
common_voice_ko_36880232.wav,누구를 막론하고 붙잡고는 입에 술을 부어 넣어 주었습니다.,twenties,male_masculine,서울
common_voice_ko_36880233.wav,자기를 보고 놀라는 듯한 첫째의 표정을 보아 그도 역시 선비 자신을 알아본 듯하였다.,twenties,male_masculine,서울
common_voice_ko_36880234.wav,간난이가 몸을 솟구려고 움찔하는 바람에 선비가 푹 거꾸러졌다.,twenties,male_masculine,서울
common_voice_ko_36880235.wav,하고는 염치불구하고 하루라도 더 붙들려만 든다.,twenties,male_masculine,서울
common_voice_ko_36880236.wav,빈부가 섞여 살거니와 무릇 그들을 지으신 이는 여호와시니라,twenties,male_masculine,서울
common_voice_ko_36880239.wav,거리에서 손님을 끄느라고 틀어 놓은 유성기 앞이며,twenties,male_masculine,서울
common_voice_ko_36880240.wav,농민들은 일시에 일어나서 머리가 땅에 닿도록 절을 몇 번이나 거듭하고 헤어졌다.,twenties,male_masculine,서울
common_voice_ko_36880241.wav,애정이라는 것이 도리 어나 의 마음을 괴롭게 할 뿐야.,twenties,male_masculine,서울
common_voice_ko_36880242.wav,그리고 그의 품을 벗어나려고 다리팔을 함부로 놀렸다.,twenties,male_masculine,서울
common_voice_ko_36880248.wav,춘우는 노로 언덕을 짚어 배를 내밀고 창하는 노를 들어 방향을 정하였다.,twenties,male_masculine,서울
common_voice_ko_36880249.wav,"아씨, 인력거 아니 타시랍시요?",twenties,male_masculine,서울
common_voice_ko_36880250.wav,그때 순사의 구둣발에 툭툭 채는 칼은 햇빛에 번쩍번쩍 하였다.,twenties,male_masculine,서울
common_voice_ko_36880252.wav,"야, 넌 말 좀 고상하게 못 하냐?",twenties,male_masculine,서울
common_voice_ko_36880263.wav,그때 옆에 섰던 간수는 호령을 하였다.,twenties,male_masculine,서울
common_voice_ko_36880264.wav,그리고 진중한 위엄을 그에게 보이려고 음성을 둥글게 내었다.,twenties,male_masculine,서울
common_voice_ko_36880267.wav,이날이야말로 동수문 안에서 인력거꾼 노릇을 하는 김 첨지에게는 닥친 운수 좋은 날이었다.,twenties,male_masculine,서울
common_voice_ko_36880273.wav,천천히 걸어가면서 공을 공을 굴려 봅니다.,twenties,male_masculine,서울
common_voice_ko_36880274.wav,거짓말이라고?,twenties,male_masculine,서울
common_voice_ko_36880275.wav,일구월심에 다시 한곡리루 가서 살 생각만 나요.,twenties,male_masculine,서울
common_voice_ko_36880276.wav,진짜 문제는 사람들의 마음이다.,twenties,male_masculine,서울
common_voice_ko_36880278.wav,예비비의 지출은 차기국회의 승인을 얻어야 한다.,twenties,male_masculine,서울
common_voice_ko_36880279.wav,그러므로 교대하는 그 틈마다 고치통을 들고 들어오는 남 직공과 눈을 맞추었다.,twenties,male_masculine,서울
common_voice_ko_36880280.wav,환난날에 진실치 못한 자를 의뢰하는 의뢰는 부러진 이와 위골된 발 같으니라,twenties,male_masculine,서울
common_voice_ko_36880281.wav,읍으로 들어가는 새로 닦은 신작로가 달빛에 뚜렷이 바라다보였다.,twenties,male_masculine,서울
common_voice_ko_39744720.wav,본 사이트는 이메일 주소가 무단으로 수집되는 것을 거부합니다,twenties,male_masculine,서울
common_voice_ko_39744721.wav,숙직실 앞에서 그는 발길을 멈추고 머뭇머뭇하더니 문을 열고 들어간다.,twenties,male_masculine,서울
common_voice_ko_39744723.wav,비트코인은 유동성이 매우 심한 화폐이다.,twenties,male_masculine,서울
common_voice_ko_39744724.wav,재산을 잃은 사람은 많이 잃은 것이다.,twenties,male_masculine,서울
common_voice_ko_39744743.wav,씩씩거리며 몹시 흥분된 사람같이 몸을 떨다가 벼락같이 양손을 키 위에 갖다가 덮었습니다.,twenties,male_masculine,서울
common_voice_ko_39744755.wav,땃버리는 기침을 칵 하며 호미를 힘있게 쥐었다.,twenties,male_masculine,서울
common_voice_ko_39744766.wav,선비는 맘에 없는 말을 겨우 빼었다.,twenties,male_masculine,서울
common_voice_ko_39744767.wav,"내가 내 마음을 정하게 하였다,내 죄를 깨끗하게 하였다 할 자가 누구뇨",twenties,male_masculine,서울
common_voice_ko_39744786.wav,시골집에서 그의 허리를 힘껏 껴안아 주던 때를 회상하며 옥점이는 이렇게 말하였다.,twenties,male_masculine,서울
common_voice_ko_39744787.wav,동혁이는 건배와 기만의 가운데에 서서 올라온다.,twenties,male_masculine,서울
common_voice_ko_39744795.wav,그는 몹시 화증을 내며 누구에게 반항이나 하는 듯이 게걸거렸다.,twenties,male_masculine,서울
common_voice_ko_39744797.wav,그러니 화가 나서 술집으로 달아오곤 하였던 것이다.,twenties,male_masculine,서울
common_voice_ko_39744815.wav,"그 소리야말로 꾀꼬리 소리지, 허허!",twenties,male_masculine,서울
common_voice_ko_39744817.wav,감독은 입 모습에 웃음을 띠며 조금 다가앉았다.,twenties,male_masculine,서울
common_voice_ko_39744819.wav,라고 물었다.,twenties,male_masculine,서울
common_voice_ko_39744820.wav,맷방석만한 시뻘건 해는 맞은편 잿배기를 타고 넘는다.,twenties,male_masculine,서울
common_voice_ko_39744822.wav,말씨가 명주 고름 같아지며 머리를 수없이 숙여 보인다.,twenties,male_masculine,서울
common_voice_ko_39744823.wav,속으로 중얼거리면서 들창 앞으로 다가앉으며 창 밖으로 귀를 기울였다.,twenties,male_masculine,서울
common_voice_ko_39744837.wav,동혁은 손을 높직이 들며 허공을 저었다.,twenties,male_masculine,서울
common_voice_ko_39744838.wav,그때의 기분이 너무나 로맨틱하였던 것을 몇 번이나 후회하였다.,twenties,male_masculine,서울
common_voice_ko_39744839.wav,한마디씩 주고받은 다음에는 말이 없었다.,twenties,male_masculine,서울
common_voice_ko_39744841.wav,뜻하지 않은 곳에서 첫째를 눈결에 지나친 후로 선비는 밤마다 첫째를 생각하였다.,twenties,male_masculine,서울
common_voice_ko_39744859.wav,"쇰을 잡아채지 그냥 둬, 이 바보야!",twenties,male_masculine,서울
common_voice_ko_39744860.wav,어머는 떨리는 목소리로 무엇을 했다.,twenties,male_masculine,서울
common_voice_ko_39744862.wav,영숙은 도리어 성내는 체하며 말을 하였다.,twenties,male_masculine,서울
common_voice_ko_39744863.wav,어둠의 뚜껑같은 검은하늘이 윤곽도 잘 안 보이는데 산 위에 얹혀 있으매,twenties,male_masculine,서울
common_voice_ko_39744879.wav,하고 동생이 그 형에게 사과했습니다.,twenties,male_masculine,서울
common_voice_ko_39744880.wav,영신은 달빛에 번쩍번쩍하는 가위를 놀리다가 몇 번이나 그 손을 쉬고 머리를 떨어뜨렸다.,twenties,male_masculine,서울
common_voice_ko_39744881.wav,왜 나를 바라보지 못하고 천장만 보느냐!,twenties,male_masculine,서울
common_voice_ko_39744882.wav,또는 이 기숙사에 있는 여공들을 맘대로 부리는 감독을 하게 할 테야.,twenties,male_masculine,서울
common_voice_ko_39744885.wav,귀여운 듯이 옥점이와 신철이를 번갈아 본다.,twenties,male_masculine,서울
common_voice_ko_39744886.wav,도저히 손댈 수가 없는 곤란에 부딪혔다면 과감하게 그 속으로 뛰어들어라.,twenties,male_masculine,서울
common_voice_ko_39744889.wav,인력거를 타시랍시요.,twenties,male_masculine,서울
common_voice_ko_39744891.wav,금방 얼굴이 해쓱해지더니 앞에 놓인 교탁을 짚을 사이도 없이 그 자리에가 고꾸라지듯이 엎으러졌다.,twenties,male_masculine,서울
common_voice_ko_39744900.wav,팔십 전을 손에 쥔 김 첨지의 마음은 푼푼하였다.,twenties,male_masculine,서울
common_voice_ko_39744902.wav,특성화 고등학교의 교장 등은 현장실습 과정에서 학생의 안전과 학습권이 보장될 수 있도록 노력하여야 한다.,twenties,male_masculine,서울
common_voice_ko_39744904.wav,방 안을 들여다보는 그의 어머니를 쳐다보았다.,twenties,male_masculine,서울
common_voice_ko_39744905.wav,일이 잘못 됐으니 그 저 참어 주세요.,twenties,male_masculine,서울
common_voice_ko_39744906.wav,그리고 캄캄한 밤길을 혼자 걷는듯 한 적적함이 그를 싸고도는 것을 새삼스럽게 깨달았다.,twenties,male_masculine,서울
common_voice_ko_39744908.wav,자기가 덕호와의 관계를 말하지 않았어도 간난이는 벌써 짐작 한 듯 하였다.,twenties,male_masculine,서울
common_voice_ko_39744926.wav,여호와 하나님이 그 땅에서 보기에 아름답고 먹기에 좋은 나무가 나게 하시니,twenties,male_masculine,서울
common_voice_ko_39744928.wav,그는 한참이나 서서 이런 생각을 하다가 숙직실 문 앞에까지 와서 귀를 기울였다.,twenties,male_masculine,서울
common_voice_ko_39744941.wav,그들의 시선이 마주칠 때마다 뜨거운 사랑이 무언중에 알려진다.,twenties,male_masculine,서울
common_voice_ko_39744943.wav,의인이 많아지면 백성이 즐거워하고 악인이 권세를 잡으면 백성이 탄식하느니라,twenties,male_masculine,서울
common_voice_ko_39744959.wav,춘우는 들어가 옷을 벗고 영숙에게 물었다.,twenties,male_masculine,서울
common_voice_ko_39744960.wav,선비의 불그레한 얼굴을 곁눈질해 보는 감독은 귀여운 듯이 빙긋이 웃었다.,twenties,male_masculine,서울
common_voice_ko_39744962.wav,동혁은 그 별을 향해서 침이라도 탁 뱉고 싶었다.,twenties,male_masculine,서울
common_voice_ko_39744965.wav,춘우는 잡지장을 뒤적뒤적하고 영숙은 돌아앉아서 손에 잡히지 않는 바느질을 시작 하였다.,twenties,male_masculine,서울
common_voice_ko_39744966.wav,눈이 까맣게 기다리다 못해 반 신 료까지 붙여서 전보를 쳤다.,twenties,male_masculine,서울
common_voice_ko_39744984.wav,그 다음 순간 기천 의눈에서는 번갯불이 뻔쩍하였다.,twenties,male_masculine,서울
common_voice_ko_39744986.wav,이제까지 태연한 기색을 보이던 동혁의 얼굴에도 당황한 빛이 떠돈다.,twenties,male_masculine,서울
common_voice_ko_39744987.wav,응달에서만 지낸 기만의 얼굴과 비교해 볼 때 동혁의 얼굴도 더한층 그을은 것 같다.,twenties,male_masculine,서울
common_voice_ko_39744999.wav,워싱턴도 모스크바도 우리의 서울은 될 수 없는 것이요,twenties,male_masculine,서울
common_voice_ko_39745000.wav,얼마 만에 기차는 왔고 수십 명이나 되는 손이 정류장으로 쏟아져 나왔다.,twenties,male_masculine,서울
common_voice_ko_39745013.wav,마침 물살도 다시 돌아섰으니...,twenties,male_masculine,서울
common_voice_ko_39745015.wav,땀과 빗물이 섞여 흐르는 목덜미를 기름주머니가 다된 왜목 수건으로 닦으며,twenties,male_masculine,서울
common_voice_ko_39745016.wav,선비는 휙 머리를 돌려 간난이를 바라보다가 빙긋이 웃었다.,twenties,male_masculine,서울
common_voice_ko_39745038.wav,재작년 이른 봄 어떤 날이었습니다.,twenties,male_masculine,서울
common_voice_ko_39745040.wav,그는 옥점이가 일어나니 방 안이 쓸쓸해지는 것 같았다.,twenties,male_masculine,서울
common_voice_ko_39745042.wav,거기에는 흔히 도깨비나 귀신이 나타난다 한다.,twenties,male_masculine,서울
common_voice_ko_39745052.wav,영신은 정근이가 그 동안 이곳의 금융조합으로 전근이나 해온 줄 알고 채우쳐 물었다.,twenties,male_masculine,서울
common_voice_ko_39745054.wav,너무나 상쾌한 맘은 그로 하여금 이렇게 하게 하였던 것이다.,twenties,male_masculine,서울
